cset: --> last message, executed args into cpuset "/user", new pid is: 2928677
Scattered successful lookup:
absl::flat_hash_set;foa_unordered_rc16_set;foa_unordered_rc15_set
10000;0.175349;0.187024;0.196691
10500;0.175709;0.187661;0.197266
11025;0.176427;0.188476;0.198635
11576;0.1772;0.190107;0.200386
12154;0.178182;0.191957;0.202412
12760;0.17984;0.194251;0.205438
13396;0.182066;0.19724;0.210228
14063;0.185921;0.20095;0.193838
14763;0.181375;0.186254;0.19399
15498;0.181486;0.187455;0.195396
16269;0.182249;0.187005;0.19463
17078;0.181675;0.187368;0.194643
17927;0.181967;0.187727;0.1951
18818;0.182124;0.188366;0.195723
19753;0.183498;0.189288;0.19681
20734;0.18277;0.189798;0.197318
21764;0.183147;0.19077;0.19835
22845;0.184172;0.192079;0.200105
23980;0.185371;0.195008;0.203425
25171;0.187132;0.196384;0.205341
26421;0.189661;0.198947;0.20879
27733;0.196266;0.201799;0.199613
29110;0.20044;0.189486;0.201127
30555;0.200938;0.190071;0.201356
32072;0.200583;0.190727;0.201788
33664;0.200392;0.190548;0.20214
35335;0.199944;0.191441;0.202297
37089;0.20058;0.192149;0.202373
38930;0.201075;0.192301;0.20336
40863;0.202196;0.193598;0.204512
42892;0.202898;0.195031;0.204807
45022;0.203043;0.196383;0.206755
47258;0.203617;0.197438;0.20897
49605;0.205226;0.200845;0.211751
52069;0.206475;0.20346;0.216484
54656;0.210582;0.207;0.221698
57372;0.233943;0.207949;0.221466
60223;0.232931;0.210071;0.221767
63216;0.233231;0.211496;0.222704
66358;0.233585;0.211259;0.221021
69657;0.231718;0.213099;0.223594
73120;0.23156;0.213068;0.223708
76756;0.232844;0.21412;0.223757
80573;0.232757;0.214505;0.225307
84580;0.232894;0.215524;0.226324
88787;0.232703;0.216317;0.227455
93204;0.233684;0.221472;0.231462
97841;0.237014;0.221992;0.232791
102709;0.238348;0.224659;0.237269
107820;0.239118;0.230973;0.232777
113186;0.246344;0.237925;0.234197
118820;0.260145;0.224527;0.233616
124735;0.257555;0.227761;0.23475
130945;0.26136;0.227802;0.235546
137465;0.261275;0.228176;0.236485
144311;0.260252;0.229057;0.237598
151499;0.259727;0.228989;0.236393
159046;0.261179;0.231808;0.239116
166970;0.261566;0.232177;0.240212
175290;0.261681;0.2349;0.242668
184026;0.263796;0.236581;0.244731
193198;0.26432;0.236547;0.247931
202828;0.265678;0.240671;0.25113
212939;0.266908;0.246807;0.258671
223555;0.273927;0.253215;0.242079
234701;0.269219;0.237872;0.242247
246404;0.278426;0.238324;0.24257
258692;0.276915;0.240034;0.243833
271594;0.274626;0.241343;0.244892
285141;0.274792;0.241908;0.244534
299365;0.274889;0.242381;0.245709
314300;0.278684;0.244248;0.247037
329981;0.275553;0.245611;0.248835
346446;0.276095;0.246041;0.249909
363734;0.281025;0.249324;0.253783
381886;0.278174;0.251892;0.256302
400945;0.279609;0.253976;0.262129
420956;0.282825;0.259219;0.267489
441967;0.286714;0.265806;0.25256
464028;0.298476;0.243178;0.253506
487192;0.298351;0.239952;0.251748
511514;0.299262;0.24107;0.25253
537052;0.299053;0.24131;0.253212
563866;0.298672;0.241686;0.254139
592020;0.298917;0.24352;0.256955
621581;0.300333;0.245173;0.256759
652620;0.300242;0.246514;0.258607
685210;0.303651;0.246733;0.259719
719429;0.303319;0.249823;0.263257
755358;0.303656;0.251152;0.264396
793083;0.304458;0.255436;0.269742
832694;0.30846;0.258393;0.277726
874285;0.309377;0.262273;0.369362
917955;0.49403;0.385928;0.366692
963808;0.438613;0.393616;0.381222
1011953;0.458271;0.393463;0.379319
1062505;0.458533;0.40308;0.387745
1115584;0.46322;0.38238;0.371524
1171316;0.441294;0.400197;0.388253
1229834;0.464383;0.402242;0.392272
1291277;0.473288;0.403147;0.394631
1355792;0.466629;0.405107;0.392854
1423532;0.467677;0.405223;0.399544
1494659;0.471615;0.395365;0.388587
1569342;0.450381;0.399153;0.391994
1647759;0.453888;0.418039;0.410861
1730096;0.471544;0.422086;0.665602
1816549;0.483113;0.429294;0.666677
1907324;0.775837;0.64578;0.66707
2002637;0.776006;0.647329;0.667901
2102715;0.774533;0.667866;0.669991
2207796;0.777924;0.666645;0.671105
2318131;0.762113;0.666863;0.65867
2433982;0.766662;0.668725;0.673064
2555625;0.779982;0.668734;0.675352
2683350;0.778053;0.654771;0.678178
2817461;0.775558;0.675673;0.680281
2958277;0.778479;0.67744;0.68524
3106133;0.778376;0.681576;0.67776
3261381;0.786273;0.686026;0.695916
3424391;0.78045;0.679622;0.704391
3595551;0.771303;0.703156;0.778034
3775269;1.02833;0.762533;0.779309
3963972;1.03154;0.762216;0.780245
4162110;1.03098;0.771005;0.781908
4370154;1.0321;0.772313;0.783372
4588600;1.02544;0.773865;0.786413
4817968;1.03483;0.775452;0.787206
5058804;1.03633;0.773124;0.784342
5311681;1.01509;0.781447;0.793388
5577201;1.01688;0.784068;0.796866
5855997;1.03077;0.788125;0.802072
6148732;1.0368;0.793101;0.808807
6456103;1.03868;0.793357;0.817874
6778842;1.04114;0.80887;0.825
7117717;1.04851;0.820871;0.829804
7473535;1.24905;0.817822;0.831459
7847143;1.26216;0.81767;0.833152
8239431;1.26425;0.818595;0.83104
8651333;1.26554;0.821733;0.836039
9083830;1.2634;0.820222;0.836061
9537951;1.26458;0.82473;0.84179
Scattered unsuccessful lookup:
absl::flat_hash_set;foa_unordered_rc16_set;foa_unordered_rc15_set
10000;0.167771;0.188235;0.182413
10500;0.171487;0.191194;0.18351
11025;0.177937;0.199421;0.186135
11576;0.186725;0.209288;0.188235
12154;0.194911;0.224797;0.19398
12760;0.214389;0.249742;0.203296
13396;0.245594;0.278714;0.214343
14063;0.294562;0.325557;0.177917
14763;0.159954;0.175086;0.177965
15498;0.160479;0.175449;0.178435
16269;0.161471;0.176528;0.179243
17078;0.162817;0.17763;0.17905
17927;0.164332;0.180686;0.17985
18818;0.166533;0.183347;0.180641
19753;0.169842;0.187163;0.181487
20734;0.173554;0.191813;0.182814
21764;0.179169;0.197447;0.184464
22845;0.187552;0.205709;0.186975
23980;0.199292;0.218936;0.19058
25171;0.219572;0.236595;0.19635
26421;0.248423;0.262131;0.206024
27733;0.294077;0.310437;0.177423
29110;0.1616;0.174833;0.177931
30555;0.162333;0.175531;0.177855
32072;0.163261;0.176449;0.177956
33664;0.164501;0.177959;0.178552
35335;0.166108;0.179992;0.178889
37089;0.168298;0.182899;0.179901
38930;0.171386;0.185765;0.180593
40863;0.174971;0.189829;0.181533
42892;0.180635;0.195791;0.183039
45022;0.188238;0.204534;0.185362
47258;0.198878;0.215317;0.188673
49605;0.215709;0.231931;0.193505
52069;0.243758;0.259169;0.202843
54656;0.286035;0.300184;0.17809
57372;0.162932;0.175106;0.17771
60223;0.163793;0.176183;0.178101
63216;0.164728;0.176976;0.178321
66358;0.165735;0.178177;0.178687
69657;0.167354;0.179639;0.179196
73120;0.169196;0.181737;0.17984
76756;0.171864;0.184999;0.180557
80573;0.175376;0.189219;0.181781
84580;0.179991;0.195005;0.183617
88787;0.18743;0.203;0.185786
93204;0.197751;0.214314;0.18889
97841;0.213713;0.230474;0.19351
102709;0.23773;0.257745;0.202093
107820;0.275797;0.293441;0.177882
113186;0.331347;0.349697;0.178149
118820;0.168322;0.177016;0.178463
124735;0.168962;0.178174;0.178905
130945;0.170098;0.179623;0.17938
137465;0.171597;0.181341;0.17995
144311;0.173416;0.183675;0.180645
151499;0.175933;0.187066;0.181502
159046;0.179204;0.191484;0.18266
166970;0.184021;0.1969;0.184118
175290;0.190282;0.204528;0.186104
184026;0.199547;0.215237;0.189171
193198;0.214158;0.231139;0.194175
202828;0.23596;0.255274;0.202286
212939;0.268987;0.2916;0.216626
223555;0.32063;0.345103;0.191783
234701;0.183495;0.191957;0.192037
246404;0.183816;0.193169;0.192423
258692;0.185039;0.19479;0.192892
271594;0.186488;0.196617;0.193458
285141;0.188263;0.199109;0.19413
299365;0.190594;0.202271;0.195044
314300;0.193704;0.206518;0.196321
329981;0.197854;0.212134;0.197865
346446;0.203992;0.220435;0.200157
363734;0.212839;0.231347;0.203493
381886;0.225412;0.246627;0.208517
400945;0.244631;0.269114;0.216672
420956;0.275775;0.303548;0.230288
441967;0.322644;0.353332;0.205437
464028;0.203742;0.206028;0.205687
487192;0.204511;0.207022;0.206097
511514;0.205655;0.208262;0.206602
537052;0.206959;0.210031;0.207183
563866;0.20849;0.212073;0.207827
592020;0.210536;0.214811;0.208753
621581;0.213238;0.218458;0.209877
652620;0.216993;0.223728;0.211445
685210;0.222243;0.231105;0.213675
719429;0.230019;0.241061;0.217041
755358;0.241632;0.255039;0.221749
793083;0.259142;0.275323;0.229345
832694;0.286974;0.306761;0.241887
874285;0.330531;0.354702;0.214422
917955;0.215512;0.216344;0.215035
963808;0.216486;0.217594;0.215395
1011953;0.217661;0.219025;0.216131
1062505;0.219156;0.220857;0.216741
1115584;0.220926;0.223213;0.217519
1171316;0.223146;0.226136;0.21859
1229834;0.226215;0.230249;0.219851
1291277;0.230225;0.23596;0.221378
1355792;0.236034;0.243913;0.223854
1423532;0.244316;0.254966;0.227151
1494659;0.256566;0.270446;0.231994
1569342;0.275246;0.292325;0.23972
1647759;0.303355;0.324899;0.252394
1730096;0.346157;0.373009;0.219622
1816549;0.410004;0.441485;0.219989
1907324;0.234388;0.234415;0.221376
2002637;0.23552;0.238916;0.222187
2102715;0.24406;0.244939;0.223783
2207796;0.245762;0.250672;0.225473
2318131;0.251799;0.259565;0.227803
2433982;0.259493;0.268304;0.230901
2555625;0.268161;0.278236;0.23363
2683350;0.282703;0.290197;0.239615
2817461;0.294572;0.304136;0.246012
2958277;0.305049;0.31894;0.255334
3106133;0.329962;0.345631;0.266942
3261381;0.359724;0.378593;0.28342
3424391;0.403614;0.42913;0.307171
3595551;0.472042;0.507163;0.248404
3775269;0.283546;0.284122;0.251814
3963972;0.287532;0.289015;0.25509
4162110;0.282358;0.294283;0.259242
4370154;0.296591;0.299256;0.261764
4588600;0.301634;0.306047;0.266002
4817968;0.307266;0.313816;0.269563
5058804;0.317815;0.320816;0.273092
5311681;0.32328;0.332303;0.278296
5577201;0.338419;0.345579;0.284308
5855997;0.344878;0.363926;0.290893
6148732;0.355301;0.389367;0.301123
6456103;0.383369;0.422451;0.313971
6778842;0.441565;0.476633;0.337991
7117717;0.521696;0.555331;0.391483
7473535;0.442793;0.426387;0.385079
7847143;0.425515;0.43822;0.396637
8239431;0.451324;0.43883;0.393712
8651333;0.433764;0.449269;0.401141
9083830;0.4403;0.454893;0.402166
9537951;0.448942;0.465061;0.408309
