cset: --> last message, executed args into cpuset "/user", new pid is: 2938122
Scattered successful lookup:
absl::flat_hash_set;foa_unordered_rc16_set;foa_unordered_rc15_set
10000;0.241891;0.237473;0.246896
10500;0.241114;0.236896;0.246041
11025;0.243215;0.23971;0.249825
11576;0.2453;0.242945;0.253668
12154;0.244568;0.244407;0.256362
12760;0.247126;0.247071;0.261051
13396;0.250963;0.253294;0.269538
14063;0.258726;0.261606;0.246244
14763;0.249724;0.239795;0.246133
15498;0.249641;0.239756;0.246267
16269;0.25089;0.241539;0.247913
17078;0.249896;0.241076;0.247634
17927;0.250739;0.242252;0.248914
18818;0.251496;0.243396;0.249961
19753;0.251886;0.244062;0.251108
20734;0.252256;0.245106;0.252047
21764;0.251643;0.245693;0.253258
22845;0.253907;0.248144;0.256341
23980;0.255582;0.250564;0.259628
25171;0.256745;0.252301;0.262244
26421;0.259465;0.255986;0.26866
27733;0.263736;0.261489;0.25414
29110;0.26767;0.242965;0.254578
30555;0.26739;0.24243;0.253958
32072;0.270464;0.244177;0.254588
33664;0.270833;0.244922;0.255478
35335;0.271466;0.24687;0.257848
37089;0.270813;0.24741;0.258177
38930;0.270808;0.24871;0.260153
40863;0.27259;0.249904;0.261609
42892;0.273865;0.252017;0.26463
45022;0.273857;0.254046;0.266793
47258;0.27471;0.254896;0.269585
49605;0.275835;0.257632;0.272919
52069;0.278768;0.261616;0.276398
54656;0.281855;0.268123;0.279166
57372;0.301749;0.265499;0.279625
60223;0.303196;0.265398;0.279059
63216;0.302784;0.265222;0.278605
66358;0.303003;0.266911;0.281023
69657;0.303213;0.269896;0.281559
73120;0.30181;0.269597;0.282196
76756;0.30363;0.270999;0.283335
80573;0.302075;0.272406;0.284512
84580;0.302632;0.27427;0.286375
88787;0.303501;0.275091;0.28778
93204;0.304965;0.277137;0.290481
97841;0.30662;0.279743;0.293556
102709;0.308533;0.283365;0.298629
107820;0.313708;0.287888;0.292677
113186;0.318755;0.296296;0.291501
118820;0.33098;0.282548;0.291564
124735;0.327929;0.281577;0.291738
130945;0.330479;0.284111;0.294731
137465;0.327698;0.283984;0.293148
144311;0.331706;0.282717;0.292391
151499;0.330873;0.286501;0.294873
159046;0.3324;0.287563;0.295767
166970;0.331335;0.28937;0.299372
175290;0.332581;0.290836;0.299259
184026;0.332211;0.293231;0.302049
193198;0.333117;0.296081;0.306033
202828;0.334424;0.299613;0.310601
212939;0.337332;0.304775;0.318387
223555;0.341721;0.310934;0.300951
234701;0.3458;0.294365;0.300786
246404;0.348161;0.294654;0.30068
258692;0.349238;0.296233;0.30165
271594;0.34949;0.297049;0.302269
285141;0.34942;0.298209;0.303182
299365;0.349808;0.299079;0.304008
314300;0.350294;0.300621;0.305303
329981;0.350327;0.302285;0.307199
346446;0.350645;0.30394;0.308968
363734;0.351999;0.304948;0.311421
381886;0.353002;0.30774;0.313964
400945;0.354091;0.310537;0.318194
420956;0.35673;0.315843;0.327067
441967;0.36019;0.322354;0.307336
464028;0.367918;0.287379;0.302656
487192;0.35904;0.295997;0.310989
511514;0.369682;0.296652;0.312001
537052;0.369549;0.297758;0.312835
563866;0.369727;0.298485;0.313185
592020;0.370259;0.300383;0.314612
621581;0.370468;0.299671;0.315009
652620;0.370403;0.304337;0.319401
685210;0.37352;0.306239;0.319278
719429;0.375983;0.304547;0.321011
755358;0.372797;0.306602;0.323946
793083;0.375587;0.310191;0.330725
832694;0.376496;0.314565;0.335735
874285;0.380708;0.321939;0.411542
917955;0.567625;0.421449;0.406273
963808;0.496273;0.463827;0.435559
1011953;0.522405;0.446938;0.43752
1062505;0.53729;0.415124;0.417201
1115584;0.477927;0.457013;0.450133
1171316;0.524879;0.469084;0.448899
1229834;0.542468;0.456836;0.444896
1291277;0.523692;0.485939;0.454191
1355792;0.548751;0.456607;0.456038
1423532;0.5467;0.476723;0.462418
1494659;0.546394;0.47334;0.465461
1569342;0.54093;0.434883;0.435831
1647759;0.501914;0.484568;0.471918
1730096;0.54504;0.45999;0.728988
1816549;0.520558;0.467269;0.71457
1907324;0.847799;0.726349;0.718186
2002637;0.847025;0.709149;0.732897
2102715;0.852207;0.710169;0.732834
2207796;0.846824;0.728716;0.733651
2318131;0.831744;0.712812;0.735174
2433982;0.849163;0.713583;0.737631
2555625;0.846074;0.715994;0.73864
2683350;0.850619;0.733855;0.74066
2817461;0.837588;0.73682;0.744236
2958277;0.852781;0.740355;0.74775
3106133;0.837591;0.743985;0.753282
3261381;0.853079;0.749716;0.759817
3424391;0.852328;0.756772;0.76817
3595551;0.853967;0.766295;0.845183
3775269;1.1028;0.832936;0.839577
3963972;1.10187;0.833104;0.847457
4162110;1.10198;0.834924;0.848739
4370154;1.10738;0.837207;0.851271
4588600;1.10674;0.837478;0.852043
4817968;1.08677;0.839597;0.855217
5058804;1.10496;0.842154;0.85011
5311681;1.10917;0.844744;0.860563
5577201;1.11849;0.841996;0.86491
5855997;1.14311;0.853683;0.863453
6148732;1.08966;0.858301;0.877108
6456103;1.11424;0.858894;0.885412
6778842;1.11421;0.87385;0.897526
7117717;1.13036;0.886768;0.895404
7473535;1.33985;0.877303;0.894276
7847143;1.32236;0.88237;0.896078
8239431;1.33814;0.880005;0.901531
8651333;1.33947;0.883876;0.902214
9083830;1.33929;0.885771;0.904502
9537951;1.33814;0.885885;0.906622
Scattered unsuccessful lookup:
absl::flat_hash_set;foa_unordered_rc16_set;foa_unordered_rc15_set
10000;0.233737;0.237646;0.224147
10500;0.237915;0.239928;0.224539
11025;0.245859;0.251545;0.229769
11576;0.25811;0.265789;0.234493
12154;0.274675;0.284265;0.240513
12760;0.295018;0.313647;0.252764
13396;0.330538;0.348159;0.269442
14063;0.384859;0.402549;0.223242
14763;0.229541;0.225174;0.223505
15498;0.230045;0.225578;0.223318
16269;0.232444;0.22825;0.225348
17078;0.232336;0.228849;0.224786
17927;0.23534;0.233268;0.226583
18818;0.237474;0.236322;0.227903
19753;0.240547;0.240939;0.229078
20734;0.243822;0.246398;0.230499
21764;0.248988;0.252424;0.232029
22845;0.258359;0.263083;0.236262
23980;0.269732;0.27836;0.240324
25171;0.290161;0.298216;0.248074
26421;0.324815;0.325628;0.261234
27733;0.36708;0.379906;0.226464
29110;0.234082;0.227387;0.227432
30555;0.234153;0.227738;0.227086
32072;0.235051;0.228854;0.227392
33664;0.236553;0.230518;0.22779
35335;0.238657;0.233066;0.229166
37089;0.240059;0.235769;0.229437
38930;0.242565;0.239049;0.230647
40863;0.245872;0.243419;0.231736
42892;0.25147;0.250145;0.234155
45022;0.258784;0.260406;0.237239
47258;0.268779;0.272266;0.241136
49605;0.284616;0.289645;0.246708
52069;0.308804;0.317823;0.257524
54656;0.350076;0.362492;0.228888
57372;0.235409;0.228891;0.228711
60223;0.236839;0.230665;0.229708
63216;0.237471;0.231454;0.229746
66358;0.238798;0.232786;0.23029
69657;0.240616;0.234596;0.231123
73120;0.242619;0.236954;0.231801
76756;0.245402;0.240539;0.23311
80573;0.248777;0.24487;0.234444
84580;0.253777;0.251168;0.23646
88787;0.260344;0.25956;0.238997
93204;0.270464;0.27154;0.242839
97841;0.285243;0.288312;0.24845
102709;0.308607;0.316203;0.258959
107820;0.344384;0.35357;0.231093
113186;0.399912;0.418262;0.2316
118820;0.241513;0.233827;0.231933
124735;0.242208;0.234822;0.232444
130945;0.243447;0.236359;0.233059
137465;0.244801;0.238173;0.233838
144311;0.246605;0.240669;0.234674
151499;0.249008;0.244198;0.235709
159046;0.25206;0.248816;0.236975
166970;0.25704;0.254343;0.238959
175290;0.263688;0.262049;0.241179
184026;0.272455;0.272894;0.244789
193198;0.285469;0.288836;0.250782
202828;0.306241;0.312564;0.260103
212939;0.338148;0.349272;0.276556
223555;0.3884;0.407651;0.242731
234701;0.258116;0.24695;0.243223
246404;0.258413;0.248177;0.243682
258692;0.259686;0.25001;0.244495
271594;0.261124;0.251919;0.245258
285141;0.262877;0.254634;0.246153
299365;0.265464;0.257761;0.247365
314300;0.268415;0.262071;0.248945
329981;0.272433;0.267928;0.250897
346446;0.278204;0.27623;0.253702
363734;0.286603;0.28709;0.257434
381886;0.299268;0.302209;0.26288
400945;0.318377;0.324229;0.271654
420956;0.346369;0.358375;0.286404
441967;0.391263;0.409706;0.264804
464028;0.27566;0.26615;0.26512
487192;0.276447;0.267144;0.26559
511514;0.277521;0.268466;0.266122
537052;0.278764;0.270176;0.266729
563866;0.280351;0.272231;0.267516
592020;0.282457;0.274909;0.268417
621581;0.28508;0.278627;0.269602
652620;0.288813;0.283673;0.271257
685210;0.294241;0.291015;0.273654
719429;0.30203;0.300752;0.276974
755358;0.313271;0.314352;0.281769
793083;0.330112;0.333955;0.289332
832694;0.355915;0.364441;0.301929
874285;0.396721;0.412803;0.274559
917955;0.286606;0.276867;0.275181
963808;0.287522;0.278176;0.275801
1011953;0.288874;0.279698;0.276338
1062505;0.290251;0.281708;0.277014
1115584;0.292051;0.284136;0.277914
1171316;0.294508;0.287352;0.278927
1229834;0.297488;0.291476;0.280168
1291277;0.301895;0.297365;0.281881
1355792;0.307834;0.305353;0.284254
1423532;0.316338;0.316589;0.287614
1494659;0.328674;0.331746;0.292476
1569342;0.346415;0.352282;0.29993
1647759;0.373237;0.383343;0.312603
1730096;0.41441;0.430273;0.280311
1816549;0.475618;0.501383;0.280671
1907324;0.301093;0.297881;0.281872
2002637;0.309524;0.303342;0.282104
2102715;0.314125;0.309706;0.284234
2207796;0.320535;0.316262;0.286276
2318131;0.327638;0.323791;0.288703
2433982;0.335177;0.331891;0.291418
2555625;0.343782;0.341256;0.29603
2683350;0.353129;0.352365;0.301154
2817461;0.364771;0.36538;0.307595
2958277;0.379961;0.382202;0.31649
3106133;0.400319;0.401739;0.328123
3261381;0.428146;0.432591;0.34391
3424391;0.470237;0.47941;0.368039
3595551;0.535063;0.559129;0.312198
3775269;0.342786;0.346776;0.313868
3963972;0.358884;0.352202;0.317502
4162110;0.36569;0.356659;0.321124
4370154;0.367728;0.361949;0.324003
4588600;0.3729;0.367474;0.327531
4817968;0.379497;0.374582;0.330657
5058804;0.371457;0.383191;0.334841
5311681;0.397768;0.392386;0.33853
5577201;0.414319;0.407715;0.345442
5855997;0.418976;0.422723;0.351496
6148732;0.445587;0.448618;0.361154
6456103;0.467531;0.480858;0.376227
6778842;0.509878;0.532557;0.399362
7117717;0.570659;0.601672;0.451967
7473535;0.521935;0.49081;0.447218
7847143;0.517598;0.502018;0.456629
8239431;0.525247;0.505652;0.457613
8651333;0.524423;0.514198;0.463952
9083830;0.537059;0.520268;0.465286
9537951;0.552285;0.53208;0.472852
